combo_id,benchmark,proxy,wl,den,cong,valid,time_s,iters,overlaps,sweep_id
1,ibm01,1.0305,0.09,0.624,1.257,VALID,85.68,689,0,20260421T010544Z
1,ibm02,1.3817,0.113,0.612,1.925,VALID,98.18,660,0,20260421T010544Z
1,ibm03,1.2748,0.116,0.653,1.665,VALID,107.5,672,0,20260421T010544Z
1,ibm04,1.2991,0.102,0.686,1.709,VALID,114.95,602,0,20260421T010544Z
1,ibm06,1.7701,0.111,0.628,2.689,VALID,45.47,695,0,20260421T010544Z
1,ibm07,1.4436,0.094,0.7,2.0,VALID,108.49,626,0,20260421T010544Z
1,ibm08,1.4667,0.097,0.664,2.075,VALID,117.07,645,0,20260421T010544Z
1,ibm09,1.0955,0.077,0.658,1.378,VALID,83.35,670,0,20260421T010544Z
2,ibm01,1.0096,0.087,0.615,1.23,VALID,77.26,708,0,20260421T010544Z
2,ibm02,1.5461,0.119,0.643,2.212,VALID,94.92,599,0,20260421T010544Z
2,ibm03,1.2882,0.114,0.652,1.697,VALID,106.41,652,0,20260421T010544Z
2,ibm04,1.3239,0.105,0.687,1.751,VALID,108.41,594,0,20260421T010544Z
2,ibm06,1.714,0.111,0.647,2.56,VALID,44.35,588,0,20260421T010544Z
2,ibm07,1.4116,0.094,0.684,1.951,VALID,110.34,599,0,20260421T010544Z
2,ibm08,1.4755,0.098,0.679,2.077,VALID,113.67,638,0,20260421T010544Z
2,ibm09,1.1001,0.079,0.662,1.381,VALID,83.44,660,0,20260421T010544Z
3,ibm01,1.0235,0.087,0.623,1.249,VALID,77.27,720,0,20260421T010544Z
3,ibm02,1.5602,0.114,0.653,2.238,VALID,92.95,512,0,20260421T010544Z
3,ibm03,1.2704,0.113,0.676,1.639,VALID,104.76,563,0,20260421T010544Z
3,ibm04,1.3153,0.105,0.677,1.745,VALID,109.17,581,0,20260421T010544Z
3,ibm06,1.7738,0.113,0.66,2.662,VALID,44.76,613,0,20260421T010544Z
3,ibm07,1.4065,0.092,0.728,1.901,VALID,109.17,569,0,20260421T010544Z
3,ibm08,1.4738,0.097,0.667,2.087,VALID,115.34,597,0,20260421T010544Z
3,ibm09,1.1245,0.079,0.676,1.416,VALID,84.06,631,0,20260421T010544Z
4,ibm01,1.0121,0.087,0.627,1.222,VALID,75.68,697,0,20260421T010544Z
4,ibm02,1.4731,0.116,0.635,2.079,VALID,93.46,643,0,20260421T010544Z
4,ibm03,1.2669,0.113,0.669,1.638,VALID,106.34,590,0,20260421T010544Z
4,ibm04,1.3096,0.103,0.696,1.718,VALID,107.18,540,0,20260421T010544Z
4,ibm06,1.7928,0.113,0.637,2.723,VALID,45.72,715,0,20260421T010544Z
4,ibm07,1.4176,0.092,0.726,1.925,VALID,111.1,596,0,20260421T010544Z
4,ibm08,1.4898,0.097,0.667,2.119,VALID,115.81,638,0,20260421T010544Z
4,ibm09,1.0928,0.077,0.678,1.354,VALID,83.55,632,0,20260421T010544Z
5,ibm01,1.0426,0.087,0.652,1.26,VALID,75.6,619,0,20260421T010544Z
5,ibm02,1.563,0.12,0.616,2.271,VALID,92.57,571,0,20260421T010544Z
5,ibm03,1.2836,0.113,0.665,1.676,VALID,103.48,598,0,20260421T010544Z
5,ibm04,1.3524,0.11,0.684,1.802,VALID,108.83,563,0,20260421T010544Z
5,ibm06,1.717,0.108,0.643,2.575,VALID,44.27,621,0,20260421T010544Z
5,ibm07,1.3586,0.093,0.689,1.843,VALID,107.49,580,0,20260421T010544Z
5,ibm08,1.5144,0.097,0.671,2.163,VALID,117.13,644,0,20260421T010544Z
5,ibm09,1.0941,0.078,0.665,1.368,VALID,83.49,659,0,20260421T010544Z
1,ibm01,1.0338,0.088,0.643,1.247,VALID,80.85,620,0,20260420T234345Z
1,ibm02,1.627,0.117,0.629,2.391,VALID,99.41,565,0,20260420T234345Z
1,ibm03,1.2841,0.115,0.667,1.671,VALID,109.6,683,0,20260420T234345Z
1,ibm04,1.3474,0.107,0.697,1.784,VALID,112.82,569,0,20260420T234345Z
1,ibm06,1.8763,0.113,0.668,2.858,VALID,47.87,665,0,20260420T234345Z
1,ibm07,1.3873,0.093,0.688,1.901,VALID,111.62,616,0,20260420T234345Z
1,ibm08,1.4743,0.096,0.677,2.08,VALID,121.67,616,0,20260420T234345Z
1,ibm09,1.217,0.069,0.986,1.309,VALID,86.0,449,0,20260420T234345Z
1,ibm10,1.465,0.077,0.849,1.928,VALID,750.72,393,0,20260420T234345Z
1,ibm11,1.1288,0.077,0.675,1.428,VALID,177.94,606,0,20260420T234345Z
1,ibm12,1.6205,0.093,0.673,2.382,VALID,522.57,614,0,20260420T234345Z
1,ibm13,1.2413,0.073,0.675,1.661,VALID,228.38,594,0,20260420T234345Z
1,ibm14,1.5165,0.071,0.701,2.19,VALID,469.53,564,0,20260420T234345Z
1,ibm15,1.4113,0.076,0.682,1.99,VALID,198.84,622,0,20260420T234345Z
1,ibm16,1.52,0.072,0.695,2.201,VALID,269.06,582,0,20260420T234345Z
1,ibm17,1.7018,0.069,0.742,2.524,VALID,699.67,540,0,20260420T234345Z
1,ibm18,1.8787,0.076,0.637,2.969,VALID,108.33,589,0,20260420T234345Z
2,ibm01,0.9906,0.082,0.656,1.16,VALID,77.38,607,0,20260420T234345Z
2,ibm02,1.5834,0.115,0.644,2.294,VALID,96.37,595,0,20260420T234345Z
2,ibm03,1.2718,0.116,0.65,1.661,VALID,111.43,628,0,20260420T234345Z
2,ibm04,1.329,0.103,0.671,1.781,VALID,111.58,589,0,20260420T234345Z
2,ibm06,1.7824,0.113,0.671,2.669,VALID,52.26,625,0,20260420T234345Z
2,ibm07,1.4122,0.094,0.701,1.936,VALID,112.53,564,0,20260420T234345Z
2,ibm08,1.5004,0.098,0.657,2.147,VALID,118.73,645,0,20260420T234345Z
2,ibm09,1.1448,0.077,0.714,1.421,VALID,86.28,608,0,20260420T234345Z
2,ibm10,1.6081,0.078,0.856,2.203,VALID,743.96,360,0,20260420T234345Z
2,ibm11,1.1202,0.078,0.657,1.428,VALID,172.55,608,0,20260420T234345Z
2,ibm12,1.5781,0.093,0.655,2.316,VALID,502.02,648,0,20260420T234345Z
2,ibm13,1.2388,0.075,0.671,1.658,VALID,220.82,646,0,20260420T234345Z
2,ibm14,1.4804,0.071,0.696,2.123,VALID,451.54,538,0,20260420T234345Z
2,ibm15,1.4391,0.077,0.727,1.998,VALID,193.29,615,0,20260420T234345Z
2,ibm16,1.5786,0.066,1.006,2.018,VALID,267.02,399,0,20260420T234345Z
2,ibm17,1.6323,0.068,0.718,2.411,VALID,689.5,521,0,20260420T234345Z
2,ibm18,1.8423,0.075,0.66,2.874,VALID,108.44,560,0,20260420T234345Z
1,ibm10,1.4355,0.086,0.591,2.108,VALID,763.06,621,0,20260421T211238Z
1,ibm01,1.0024,0.086,0.623,1.209,VALID,85.37,740,0,20260421T231850Z
1,ibm02,1.6017,0.118,0.623,2.345,VALID,101.03,632,0,20260421T231850Z
1,ibm03,1.2722,0.114,0.655,1.662,VALID,114.71,618,0,20260421T231850Z
1,ibm04,1.315,0.104,0.687,1.736,VALID,117.3,559,0,20260421T231850Z
1,ibm06,1.9211,0.111,0.661,2.96,VALID,52.1,682,0,20260421T231850Z
1,ibm07,1.4652,0.093,0.727,2.016,VALID,115.03,589,0,20260421T231850Z
1,ibm08,1.4539,0.096,0.648,2.068,VALID,124.24,626,0,20260421T231850Z
1,ibm09,1.1004,0.078,0.669,1.376,VALID,90.8,664,0,20260421T231850Z
2,ibm01,1.0426,0.092,0.628,1.274,VALID,88.68,726,0,20260421T231850Z
2,ibm02,1.5931,0.114,0.619,2.34,VALID,102.88,566,0,20260421T231850Z
2,ibm03,1.2629,0.116,0.655,1.639,VALID,114.21,677,0,20260421T231850Z
2,ibm04,1.3002,0.107,0.673,1.714,VALID,118.45,615,0,20260421T231850Z
2,ibm06,1.822,0.114,0.641,2.775,VALID,51.39,680,0,20260421T231850Z
2,ibm07,1.3946,0.095,0.68,1.92,VALID,116.59,609,0,20260421T231850Z
2,ibm08,1.4847,0.096,0.675,2.103,VALID,123.86,595,0,20260421T231850Z
2,ibm09,1.1041,0.077,0.661,1.393,VALID,90.93,648,0,20260421T231850Z
1,ibm01,0.9721,0.084,0.606,1.17,VALID,80.71,739,0,20260422T011404Z
2,ibm01,1.0318,0.089,0.607,1.279,VALID,79.97,727,0,20260422T011404Z
3,ibm01,1.0287,0.09,0.618,1.261,VALID,81.09,717,0,20260422T011404Z
4,ibm01,1.0213,0.09,0.618,1.245,VALID,79.0,711,0,20260422T011404Z
5,ibm01,1.014,0.088,0.617,1.236,VALID,81.27,725,0,20260422T011404Z
6,ibm01,1.0081,0.085,0.61,1.235,VALID,81.18,732,0,20260422T011404Z
1,ibm10,1.3913,0.083,0.59,2.025,VALID,746.76,662,0,20260422T010727Z
1,ibm11,1.1484,0.078,0.688,1.452,VALID,173.69,608,0,20260422T010727Z
1,ibm12,1.5889,0.094,0.66,2.33,VALID,514.85,698,0,20260422T010727Z
1,ibm13,1.237,0.074,0.681,1.646,VALID,218.9,610,0,20260422T010727Z
1,ibm14,1.4791,0.07,0.682,2.136,VALID,454.44,552,0,20260422T010727Z
1,ibm15,1.4338,0.075,0.689,2.029,VALID,192.49,629,0,20260422T010727Z
1,ibm16,1.5303,0.074,0.683,2.229,VALID,259.67,603,0,20260422T010727Z
1,ibm17,1.6925,0.069,0.737,2.511,VALID,699.89,548,0,20260422T010727Z
1,ibm18,1.7692,0.073,0.673,2.72,VALID,105.77,563,0,20260422T010727Z
2,ibm10,1.5403,0.087,0.583,2.324,VALID,750.26,646,0,20260422T010727Z
2,ibm11,1.1492,0.079,0.688,1.453,VALID,174.05,585,0,20260422T010727Z
2,ibm12,1.6204,0.093,0.659,2.397,VALID,512.69,628,0,20260422T010727Z
2,ibm13,1.2467,0.073,0.698,1.65,VALID,220.13,580,0,20260422T010727Z
2,ibm14,1.5245,0.07,0.7,2.209,VALID,467.21,557,0,20260422T010727Z
2,ibm15,1.4484,0.075,0.728,2.019,VALID,197.42,597,0,20260422T010727Z
2,ibm16,1.5784,0.075,0.704,2.302,VALID,262.7,623,0,20260422T010727Z
2,ibm17,1.6696,0.068,0.697,2.505,VALID,689.9,550,0,20260422T010727Z
2,ibm18,1.7817,0.074,0.639,2.776,VALID,107.82,613,0,20260422T010727Z
1,ibm01,0.97,0.082,0.618,1.159,VALID,81.49,704,0,20260422T024257Z
1,ibm02,1.5824,0.111,0.617,2.327,VALID,99.13,599,0,20260422T024257Z
1,ibm03,1.2478,0.109,0.651,1.628,VALID,110.53,593,0,20260422T024257Z
1,ibm04,1.3438,0.1,0.68,1.807,VALID,111.75,602,0,20260422T024257Z
1,ibm06,1.6513,0.101,0.643,2.458,VALID,44.0,627,0,20260422T024257Z
1,ibm07,1.377,0.094,0.689,1.877,VALID,107.07,624,0,20260422T024257Z
1,ibm08,1.4367,0.095,0.667,2.016,VALID,114.63,622,0,20260422T024257Z
1,ibm09,1.1155,0.077,0.662,1.415,VALID,84.45,676,0,20260422T024257Z
2,ibm01,0.9916,0.084,0.627,1.189,VALID,79.97,714,0,20260422T024257Z
2,ibm02,1.5882,0.114,0.64,2.308,VALID,95.82,589,0,20260422T024257Z
2,ibm03,1.2548,0.109,0.653,1.639,VALID,105.84,590,0,20260422T024257Z
2,ibm04,1.2714,0.1,0.659,1.684,VALID,110.9,629,0,20260422T024257Z
2,ibm06,1.6961,0.101,0.642,2.549,VALID,44.71,608,0,20260422T024257Z
2,ibm07,1.4136,0.094,0.698,1.942,VALID,107.16,604,0,20260422T024257Z
2,ibm08,1.4447,0.095,0.679,2.021,VALID,114.9,616,0,20260422T024257Z
2,ibm09,1.0993,0.077,0.671,1.375,VALID,82.75,677,0,20260422T024257Z
3,ibm01,0.9906,0.084,0.626,1.187,VALID,78.63,752,0,20260422T024257Z
3,ibm02,1.4822,0.112,0.626,2.114,VALID,94.45,652,0,20260422T024257Z
3,ibm03,1.2624,0.109,0.664,1.644,VALID,106.04,564,0,20260422T024257Z
3,ibm04,1.306,0.1,0.686,1.726,VALID,108.33,585,0,20260422T024257Z
3,ibm06,1.6214,0.101,0.661,2.381,VALID,44.02,613,0,20260422T024257Z
3,ibm07,1.3863,0.095,0.692,1.891,VALID,105.71,578,0,20260422T024257Z
3,ibm08,1.4569,0.095,0.649,2.075,VALID,115.72,688,0,20260422T024257Z
3,ibm09,1.1055,0.077,0.683,1.375,VALID,80.85,651,0,20260422T024257Z
4,ibm01,1.0337,0.087,0.621,1.273,VALID,77.53,710,0,20260422T024257Z
4,ibm02,1.5414,0.113,0.627,2.229,VALID,92.99,659,0,20260422T024257Z
4,ibm03,1.2403,0.107,0.659,1.607,VALID,104.93,531,0,20260422T024257Z
4,ibm04,1.3183,0.104,0.673,1.756,VALID,108.46,583,0,20260422T024257Z
4,ibm06,1.6068,0.103,0.627,2.381,VALID,44.19,617,0,20260422T024257Z
4,ibm07,1.4229,0.094,0.685,1.973,VALID,105.42,608,0,20260422T024257Z
4,ibm08,1.4635,0.094,0.67,2.069,VALID,114.94,592,0,20260422T024257Z
4,ibm09,1.1021,0.076,0.668,1.384,VALID,82.93,634,0,20260422T024257Z
5,ibm01,1.0325,0.085,0.613,1.282,VALID,79.21,736,0,20260422T024257Z
5,ibm02,1.4348,0.113,0.621,2.022,VALID,95.35,654,0,20260422T024257Z
5,ibm03,1.2356,0.109,0.65,1.603,VALID,104.13,536,0,20260422T024257Z
5,ibm04,1.3033,0.105,0.674,1.722,VALID,109.08,612,0,20260422T024257Z
5,ibm06,1.6176,0.103,0.643,2.387,VALID,44.78,589,0,20260422T024257Z
5,ibm07,1.4339,0.093,0.687,1.996,VALID,106.94,572,0,20260422T024257Z
5,ibm08,1.4346,0.093,0.678,2.005,VALID,112.39,609,0,20260422T024257Z
5,ibm09,1.096,0.077,0.661,1.378,VALID,83.03,703,0,20260422T024257Z
6,ibm01,1.0366,0.086,0.618,1.284,VALID,79.1,701,0,20260422T024257Z
6,ibm02,1.8896,0.116,0.615,2.932,VALID,94.02,637,0,20260422T024257Z
6,ibm03,1.2687,0.109,0.668,1.652,VALID,105.06,540,0,20260422T024257Z
6,ibm04,1.3407,0.101,0.676,1.803,VALID,109.83,585,0,20260422T024257Z
6,ibm06,1.672,0.101,0.652,2.49,VALID,44.47,597,0,20260422T024257Z
6,ibm07,1.4213,0.093,0.67,1.986,VALID,105.26,575,0,20260422T024257Z
6,ibm08,1.4626,0.094,0.672,2.065,VALID,112.45,602,0,20260422T024257Z
6,ibm09,1.0781,0.077,0.675,1.328,VALID,81.96,599,0,20260422T024257Z
7,ibm01,0.9686,0.08,0.605,1.172,VALID,77.73,661,0,20260422T024257Z
7,ibm02,1.4154,0.108,0.643,1.971,VALID,93.63,515,0,20260422T024257Z
7,ibm03,1.2662,0.11,0.645,1.667,VALID,104.07,531,0,20260422T024257Z
7,ibm04,1.3448,0.102,0.705,1.78,VALID,107.56,519,0,20260422T024257Z
7,ibm06,1.6381,0.101,0.646,2.427,VALID,45.04,585,0,20260422T024257Z
7,ibm07,1.3597,0.093,0.695,1.838,VALID,106.96,521,0,20260422T024257Z
7,ibm08,1.4408,0.094,0.681,2.013,VALID,111.72,506,0,20260422T024257Z
7,ibm09,1.0568,0.074,0.664,1.301,VALID,81.15,541,0,20260422T024257Z
8,ibm01,1.018,0.088,0.608,1.251,VALID,78.21,659,0,20260422T024257Z
8,ibm02,1.5332,0.113,0.623,2.218,VALID,91.9,611,0,20260422T024257Z
8,ibm03,1.2255,0.11,0.637,1.594,VALID,104.71,539,0,20260422T024257Z
8,ibm04,1.3549,0.102,0.675,1.831,VALID,106.68,534,0,20260422T024257Z
8,ibm06,1.8218,0.102,0.63,2.81,VALID,44.91,610,0,20260422T024257Z
8,ibm07,1.3733,0.093,0.664,1.897,VALID,106.07,522,0,20260422T024257Z
8,ibm08,1.4621,0.095,0.654,2.08,VALID,111.58,582,0,20260422T024257Z
8,ibm09,1.0492,0.073,0.665,1.287,VALID,82.06,541,0,20260422T024257Z
9,ibm01,0.9984,0.083,0.623,1.207,VALID,76.85,667,0,20260422T024257Z
9,ibm02,1.3738,0.111,0.624,1.901,VALID,92.42,548,0,20260422T024257Z
9,ibm03,1.2467,0.109,0.644,1.631,VALID,104.31,531,0,20260422T024257Z
9,ibm04,1.3448,0.1,0.69,1.799,VALID,108.49,515,0,20260422T024257Z
9,ibm06,1.6097,0.102,0.63,2.385,VALID,44.23,607,0,20260422T024257Z
9,ibm07,1.3669,0.094,0.688,1.859,VALID,106.32,507,0,20260422T024257Z
9,ibm08,1.4339,0.093,0.679,2.003,VALID,114.3,487,0,20260422T024257Z
9,ibm09,1.05,0.074,0.679,1.272,VALID,82.39,576,0,20260422T024257Z
10,ibm01,1.0041,0.083,0.613,1.229,VALID,77.37,657,0,20260422T024257Z
10,ibm02,1.4385,0.114,0.606,2.043,VALID,91.81,574,0,20260422T024257Z
10,ibm03,1.2488,0.109,0.649,1.631,VALID,105.7,505,0,20260422T024257Z
10,ibm04,1.2863,0.103,0.678,1.688,VALID,107.15,504,0,20260422T024257Z
10,ibm06,1.6872,0.101,0.642,2.532,VALID,43.02,545,0,20260422T024257Z
10,ibm07,1.3516,0.091,0.701,1.819,VALID,105.29,506,0,20260422T024257Z
10,ibm08,1.4345,0.093,0.685,1.998,VALID,111.5,467,0,20260422T024257Z
10,ibm09,1.0623,0.076,0.655,1.318,VALID,82.42,577,0,20260422T024257Z
11,ibm01,0.9959,0.085,0.623,1.198,VALID,76.28,635,0,20260422T024257Z
11,ibm02,1.4559,0.113,0.622,2.064,VALID,90.69,542,0,20260422T024257Z
11,ibm03,1.2777,0.108,0.654,1.686,VALID,105.89,474,0,20260422T024257Z
11,ibm04,1.3069,0.104,0.681,1.725,VALID,107.53,452,0,20260422T024257Z
11,ibm06,1.628,0.102,0.643,2.41,VALID,43.7,544,0,20260422T024257Z
11,ibm07,1.3446,0.092,0.661,1.843,VALID,103.41,518,0,20260422T024257Z
11,ibm08,1.4244,0.095,0.653,2.006,VALID,119.93,546,0,20260422T024257Z
11,ibm09,1.0724,0.074,0.672,1.325,VALID,81.12,505,0,20260422T024257Z
12,ibm01,0.9969,0.085,0.613,1.211,VALID,76.87,651,0,20260422T024257Z
12,ibm02,1.4302,0.113,0.636,1.999,VALID,94.18,527,0,20260422T024257Z
12,ibm03,1.288,0.109,0.662,1.697,VALID,105.71,502,0,20260422T024257Z
12,ibm04,1.2746,0.103,0.671,1.671,VALID,108.62,476,0,20260422T024257Z
12,ibm06,1.6156,0.102,0.649,2.378,VALID,43.56,519,0,20260422T024257Z
12,ibm07,1.3469,0.09,0.721,1.792,VALID,102.84,450,0,20260422T024257Z
12,ibm08,1.4154,0.095,0.659,1.983,VALID,114.82,458,0,20260422T024257Z
12,ibm09,1.0606,0.075,0.671,1.3,VALID,81.68,508,0,20260422T024257Z
13,ibm01,1.0135,0.086,0.615,1.24,VALID,77.94,690,0,20260422T024257Z
13,ibm02,1.4661,0.116,0.613,2.086,VALID,95.47,628,0,20260422T024257Z
13,ibm03,1.2699,0.114,0.652,1.66,VALID,107.96,641,0,20260422T024257Z
13,ibm04,1.3264,0.096,0.692,1.769,VALID,107.74,567,0,20260422T024257Z
13,ibm06,1.7144,0.107,0.636,2.578,VALID,44.63,640,0,20260422T024257Z
13,ibm07,1.3877,0.097,0.704,1.877,VALID,110.64,607,0,20260422T024257Z
13,ibm08,1.4726,0.098,0.668,2.082,VALID,115.34,620,0,20260422T024257Z
13,ibm09,1.109,0.078,0.676,1.387,VALID,84.31,672,0,20260422T024257Z
14,ibm01,1.0017,0.086,0.617,1.215,VALID,80.12,704,0,20260422T024257Z
14,ibm02,1.6374,0.122,0.627,2.404,VALID,94.0,548,0,20260422T024257Z
14,ibm03,1.2739,0.115,0.645,1.673,VALID,105.78,608,0,20260422T024257Z
14,ibm04,1.2573,0.096,0.679,1.644,VALID,111.2,613,0,20260422T024257Z
14,ibm06,1.7355,0.106,0.633,2.626,VALID,45.64,650,0,20260422T024257Z
14,ibm07,1.3538,0.096,0.689,1.826,VALID,108.74,634,0,20260422T024257Z
14,ibm08,1.4142,0.096,0.678,1.958,VALID,114.26,609,0,20260422T024257Z
14,ibm09,1.1296,0.079,0.672,1.43,VALID,84.47,648,0,20260422T024257Z
15,ibm01,1.0141,0.089,0.602,1.249,VALID,79.95,710,0,20260422T024257Z
15,ibm02,1.7394,0.119,0.641,2.6,VALID,93.34,587,0,20260422T024257Z
15,ibm03,1.2864,0.113,0.651,1.695,VALID,106.29,641,0,20260422T024257Z
15,ibm04,1.2777,0.1,0.664,1.692,VALID,110.35,612,0,20260422T024257Z
15,ibm06,1.758,0.106,0.645,2.66,VALID,45.89,639,0,20260422T024257Z
15,ibm07,1.3538,0.092,0.707,1.817,VALID,107.13,565,0,20260422T024257Z
15,ibm08,1.4807,0.096,0.666,2.103,VALID,114.28,660,0,20260422T024257Z
15,ibm09,1.1169,0.079,0.673,1.402,VALID,84.7,677,0,20260422T024257Z
16,ibm01,0.9884,0.085,0.618,1.188,VALID,77.88,731,0,20260422T024257Z
16,ibm02,1.6302,0.112,0.644,2.391,VALID,93.34,597,0,20260422T024257Z
16,ibm03,1.2586,0.113,0.65,1.641,VALID,104.4,569,0,20260422T024257Z
16,ibm04,1.2574,0.098,0.656,1.663,VALID,112.74,578,0,20260422T024257Z
16,ibm06,1.7297,0.108,0.625,2.619,VALID,44.71,678,0,20260422T024257Z
16,ibm07,1.4841,0.095,0.69,2.088,VALID,107.33,638,0,20260422T024257Z
16,ibm08,1.4377,0.096,0.676,2.008,VALID,116.27,561,0,20260422T024257Z
16,ibm09,1.1145,0.078,0.652,1.42,VALID,82.36,663,0,20260422T024257Z
17,ibm01,0.9975,0.09,0.611,1.203,VALID,78.58,740,0,20260422T024257Z
17,ibm02,1.6363,0.117,0.636,2.403,VALID,93.64,546,0,20260422T024257Z
17,ibm03,1.2724,0.113,0.629,1.689,VALID,109.64,634,0,20260422T024257Z
17,ibm04,1.2587,0.1,0.661,1.657,VALID,111.15,573,0,20260422T024257Z
17,ibm06,1.8458,0.106,0.631,2.848,VALID,45.77,684,0,20260422T024257Z
17,ibm07,1.38,0.095,0.688,1.883,VALID,108.18,582,0,20260422T024257Z
17,ibm08,1.4867,0.098,0.676,2.101,VALID,113.93,628,0,20260422T024257Z
17,ibm09,1.1027,0.078,0.662,1.388,VALID,84.82,649,0,20260422T024257Z
18,ibm01,1.027,0.088,0.625,1.252,VALID,77.33,718,0,20260422T024257Z
18,ibm02,1.5625,0.117,0.611,2.279,VALID,95.02,601,0,20260422T024257Z
18,ibm03,1.2532,0.113,0.653,1.627,VALID,106.25,570,0,20260422T024257Z
18,ibm04,1.2741,0.096,0.693,1.663,VALID,107.7,533,0,20260422T024257Z
18,ibm06,1.6845,0.107,0.637,2.517,VALID,45.02,627,0,20260422T024257Z
18,ibm07,1.359,0.092,0.728,1.805,VALID,108.31,584,0,20260422T024257Z
18,ibm08,1.4613,0.097,0.672,2.058,VALID,111.92,603,0,20260422T024257Z
18,ibm09,1.1104,0.078,0.682,1.383,VALID,83.48,611,0,20260422T024257Z
19,ibm01,1.05,0.088,0.616,1.309,VALID,78.8,657,0,20260422T024257Z
19,ibm02,1.4383,0.113,0.625,2.027,VALID,94.08,573,0,20260422T024257Z
19,ibm03,1.3114,0.119,0.667,1.718,VALID,105.7,503,0,20260422T024257Z
19,ibm04,1.2727,0.099,0.664,1.683,VALID,109.13,501,0,20260422T024257Z
19,ibm06,1.648,0.105,0.661,2.426,VALID,45.1,567,0,20260422T024257Z
19,ibm07,1.3919,0.093,0.69,1.907,VALID,105.56,560,0,20260422T024257Z
19,ibm08,1.4516,0.095,0.673,2.039,VALID,112.7,513,0,20260422T024257Z
19,ibm09,1.0902,0.077,0.659,1.368,VALID,81.15,590,0,20260422T024257Z
20,ibm01,1.017,0.089,0.608,1.248,VALID,79.9,683,0,20260422T024257Z
20,ibm02,1.449,0.114,0.63,2.041,VALID,93.57,583,0,20260422T024257Z
20,ibm03,1.2754,0.111,0.672,1.656,VALID,104.49,514,0,20260422T024257Z
20,ibm04,1.3349,0.096,0.701,1.777,VALID,108.59,529,0,20260422T024257Z
20,ibm06,1.6667,0.107,0.638,2.481,VALID,44.95,593,0,20260422T024257Z
20,ibm07,1.361,0.094,0.691,1.843,VALID,107.3,517,0,20260422T024257Z
20,ibm08,1.4572,0.097,0.665,2.056,VALID,111.94,532,0,20260422T024257Z
20,ibm09,1.0909,0.078,0.678,1.349,VALID,83.09,560,0,20260422T024257Z
21,ibm01,1.0416,0.089,0.612,1.294,VALID,78.58,685,0,20260422T024257Z
21,ibm02,1.4399,0.115,0.629,2.021,VALID,92.64,559,0,20260422T024257Z
21,ibm03,1.2851,0.112,0.642,1.705,VALID,103.32,504,0,20260422T024257Z
21,ibm04,1.2641,0.101,0.673,1.653,VALID,109.94,482,0,20260422T024257Z
21,ibm06,1.929,0.108,0.651,2.99,VALID,44.43,524,0,20260422T024257Z
21,ibm07,1.4276,0.094,0.67,1.997,VALID,105.98,540,0,20260422T024257Z
21,ibm08,1.4681,0.096,0.679,2.066,VALID,113.36,493,0,20260422T024257Z
21,ibm09,1.1063,0.078,0.682,1.374,VALID,81.33,602,0,20260422T024257Z
22,ibm01,0.9912,0.083,0.63,1.186,VALID,77.36,636,0,20260422T024257Z
22,ibm02,1.492,0.115,0.628,2.125,VALID,92.82,495,0,20260422T024257Z
22,ibm03,1.2433,0.113,0.65,1.611,VALID,103.89,519,0,20260422T024257Z
22,ibm04,1.2893,0.098,0.701,1.683,VALID,109.91,465,0,20260422T024257Z
22,ibm06,1.6787,0.106,0.637,2.508,VALID,44.37,557,0,20260422T024257Z
22,ibm07,1.3872,0.093,0.706,1.883,VALID,105.0,487,0,20260422T024257Z
22,ibm08,1.4545,0.098,0.654,2.06,VALID,113.03,518,0,20260422T024257Z
22,ibm09,1.0845,0.077,0.642,1.372,VALID,82.63,571,0,20260422T024257Z
23,ibm01,1.0323,0.089,0.62,1.267,VALID,77.13,660,0,20260422T024257Z
23,ibm02,1.6597,0.115,0.622,2.467,VALID,92.58,529,0,20260422T024257Z
23,ibm03,1.2141,0.111,0.642,1.565,VALID,105.4,502,0,20260422T024257Z
23,ibm04,1.4144,0.11,0.672,1.938,VALID,108.17,477,0,20260422T024257Z
23,ibm06,1.696,0.107,0.631,2.546,VALID,44.07,549,0,20260422T024257Z
23,ibm07,1.3871,0.093,0.678,1.91,VALID,104.0,485,0,20260422T024257Z
23,ibm08,1.4428,0.097,0.661,2.031,VALID,114.2,509,0,20260422T024257Z
23,ibm09,1.1251,0.077,0.696,1.399,VALID,81.25,511,0,20260422T024257Z
24,ibm01,1.0108,0.085,0.614,1.238,VALID,76.85,635,0,20260422T024257Z
24,ibm02,1.4447,0.116,0.617,2.041,VALID,95.94,486,0,20260422T024257Z
24,ibm03,1.2367,0.112,0.649,1.6,VALID,104.44,501,0,20260422T024257Z
24,ibm04,1.3789,0.111,0.682,1.855,VALID,109.5,513,0,20260422T024257Z
24,ibm06,1.6535,0.107,0.636,2.457,VALID,43.94,526,0,20260422T024257Z
24,ibm07,1.3919,0.092,0.677,1.922,VALID,107.07,499,0,20260422T024257Z
24,ibm08,1.5304,0.098,0.67,2.194,VALID,112.53,515,0,20260422T024257Z
24,ibm09,1.1145,0.077,0.662,1.412,VALID,80.87,591,0,20260422T024257Z
25,ibm01,1.0241,0.09,0.615,1.253,VALID,79.82,770,0,20260422T024257Z
25,ibm02,1.5397,0.119,0.629,2.212,VALID,96.47,575,0,20260422T024257Z
25,ibm03,1.2757,0.115,0.656,1.665,VALID,106.75,570,0,20260422T024257Z
25,ibm04,1.32,0.107,0.678,1.747,VALID,110.69,620,0,20260422T024257Z
25,ibm06,1.7449,0.112,0.638,2.628,VALID,47.21,692,0,20260422T024257Z
25,ibm07,1.3743,0.092,0.673,1.891,VALID,110.76,614,0,20260422T024257Z
25,ibm08,1.4871,0.096,0.654,2.129,VALID,116.87,628,0,20260422T024257Z
25,ibm09,1.1148,0.079,0.681,1.392,VALID,85.08,635,0,20260422T024257Z
26,ibm01,1.0203,0.091,0.619,1.24,VALID,79.72,719,0,20260422T024257Z
26,ibm02,1.5657,0.114,0.639,2.264,VALID,97.0,617,0,20260422T024257Z
26,ibm03,1.296,0.114,0.657,1.706,VALID,107.26,630,0,20260422T024257Z
26,ibm04,1.3483,0.11,0.673,1.804,VALID,112.2,631,0,20260422T024257Z
26,ibm06,1.7981,0.112,0.65,2.722,VALID,48.02,685,0,20260422T024257Z
26,ibm07,1.3753,0.092,0.71,1.856,VALID,109.59,612,0,20260422T024257Z
26,ibm08,1.4958,0.097,0.65,2.148,VALID,118.47,668,0,20260422T024257Z
26,ibm09,1.1017,0.077,0.674,1.374,VALID,84.33,631,0,20260422T024257Z
27,ibm01,1.0101,0.086,0.626,1.221,VALID,78.56,726,0,20260422T024257Z
27,ibm02,1.4434,0.113,0.618,2.042,VALID,94.94,659,0,20260422T024257Z
27,ibm03,1.2564,0.114,0.668,1.617,VALID,107.44,596,0,20260422T024257Z
27,ibm04,1.3147,0.107,0.657,1.759,VALID,112.61,603,0,20260422T024257Z
27,ibm06,1.76,0.111,0.65,2.649,VALID,47.16,626,0,20260422T024257Z
27,ibm07,1.4168,0.094,0.68,1.965,VALID,109.94,607,0,20260422T024257Z
27,ibm08,1.5223,0.097,0.67,2.182,VALID,118.38,657,0,20260422T024257Z
27,ibm09,1.1486,0.078,0.705,1.436,VALID,83.42,614,0,20260422T024257Z
28,ibm01,1.0092,0.09,0.618,1.221,VALID,79.33,725,0,20260422T024257Z
28,ibm02,1.5801,0.118,0.614,2.31,VALID,96.3,619,0,20260422T024257Z
28,ibm03,1.2898,0.114,0.655,1.697,VALID,107.79,535,0,20260422T024257Z
28,ibm04,1.313,0.1,0.692,1.735,VALID,110.22,586,0,20260422T024257Z
28,ibm06,1.8056,0.112,0.655,2.732,VALID,46.46,684,0,20260422T024257Z
28,ibm07,1.4052,0.094,0.692,1.931,VALID,108.04,563,0,20260422T024257Z
28,ibm08,1.4699,0.096,0.675,2.072,VALID,115.43,591,0,20260422T024257Z
28,ibm09,1.1018,0.077,0.664,1.385,VALID,85.59,649,0,20260422T024257Z
29,ibm01,1.0507,0.091,0.611,1.309,VALID,81.73,713,0,20260422T024257Z
29,ibm02,1.5442,0.114,0.641,2.219,VALID,96.51,564,0,20260422T024257Z
29,ibm03,1.2663,0.114,0.669,1.636,VALID,110.64,563,0,20260422T024257Z
29,ibm04,1.3492,0.108,0.684,1.798,VALID,110.76,561,0,20260422T024257Z
29,ibm06,1.7865,0.114,0.652,2.693,VALID,45.38,655,0,20260422T024257Z
29,ibm07,1.4392,0.093,0.678,2.013,VALID,109.09,631,0,20260422T024257Z
29,ibm08,1.4821,0.096,0.64,2.131,VALID,117.56,622,0,20260422T024257Z
29,ibm09,1.0985,0.076,0.656,1.388,VALID,84.77,666,0,20260422T024257Z
30,ibm01,0.9903,0.084,0.62,1.192,VALID,78.88,710,0,20260422T024257Z
30,ibm02,1.4653,0.115,0.627,2.074,VALID,95.75,591,0,20260422T024257Z
30,ibm03,1.2707,0.114,0.657,1.656,VALID,108.25,602,0,20260422T024257Z
30,ibm04,1.291,0.103,0.672,1.705,VALID,110.0,569,0,20260422T024257Z
30,ibm06,1.7284,0.108,0.647,2.593,VALID,46.78,674,0,20260422T024257Z
30,ibm07,1.466,0.095,0.691,2.052,VALID,111.82,567,0,20260422T024257Z
30,ibm08,1.4809,0.097,0.664,2.103,VALID,118.58,631,0,20260422T024257Z
30,ibm09,1.1076,0.078,0.668,1.392,VALID,85.05,671,0,20260422T024257Z
31,ibm01,0.976,0.084,0.61,1.173,VALID,74.04,669,0,20260422T024257Z
31,ibm02,1.627,0.115,0.638,2.387,VALID,95.63,506,0,20260422T024257Z
31,ibm03,1.2523,0.112,0.654,1.627,VALID,107.67,521,0,20260422T024257Z
31,ibm04,1.3601,0.108,0.654,1.849,VALID,110.74,527,0,20260422T024257Z
31,ibm06,1.7189,0.112,0.631,2.584,VALID,46.63,617,0,20260422T024257Z
31,ibm07,1.3877,0.092,0.682,1.91,VALID,107.96,538,0,20260422T024257Z
31,ibm08,1.4753,0.097,0.663,2.094,VALID,115.56,558,0,20260422T024257Z
31,ibm09,1.1349,0.077,0.7,1.415,VALID,83.88,545,0,20260422T024257Z
32,ibm01,0.9938,0.087,0.622,1.191,VALID,79.18,666,0,20260422T024257Z
32,ibm02,1.634,0.12,0.641,2.388,VALID,96.63,521,0,20260422T024257Z
32,ibm03,1.2632,0.115,0.642,1.654,VALID,105.82,565,0,20260422T024257Z
32,ibm04,1.3337,0.107,0.697,1.757,VALID,110.58,520,0,20260422T024257Z
32,ibm06,1.8347,0.11,0.654,2.794,VALID,46.33,562,0,20260422T024257Z
32,ibm07,1.4123,0.093,0.682,1.958,VALID,109.2,532,0,20260422T024257Z
32,ibm08,1.4633,0.097,0.666,2.067,VALID,115.23,545,0,20260422T024257Z
32,ibm09,1.1042,0.077,0.691,1.364,VALID,84.18,549,0,20260422T024257Z
33,ibm01,1.0101,0.089,0.608,1.233,VALID,78.6,656,0,20260422T024257Z
33,ibm02,1.5957,0.118,0.622,2.334,VALID,94.19,563,0,20260422T024257Z
33,ibm03,1.2516,0.113,0.644,1.632,VALID,105.32,536,0,20260422T024257Z
33,ibm04,1.3195,0.107,0.663,1.762,VALID,110.09,487,0,20260422T024257Z
33,ibm06,1.7254,0.108,0.665,2.569,VALID,45.61,608,0,20260422T024257Z
33,ibm07,1.4045,0.093,0.663,1.959,VALID,108.74,557,0,20260422T024257Z
33,ibm08,1.4686,0.097,0.641,2.103,VALID,115.31,571,0,20260422T024257Z
33,ibm09,1.1353,0.078,0.673,1.442,VALID,84.53,601,0,20260422T024257Z
34,ibm01,1.0266,0.089,0.609,1.266,VALID,77.82,657,0,20260422T024257Z
34,ibm02,1.5764,0.112,0.65,2.279,VALID,93.21,497,0,20260422T024257Z
34,ibm03,1.2617,0.111,0.632,1.67,VALID,107.35,465,0,20260422T024257Z
34,ibm04,1.291,0.108,0.666,1.701,VALID,111.33,483,0,20260422T024257Z
34,ibm06,1.7284,0.109,0.636,2.602,VALID,45.39,606,0,20260422T024257Z
34,ibm07,1.4181,0.093,0.663,1.986,VALID,111.85,542,0,20260422T024257Z
34,ibm08,1.4647,0.096,0.668,2.069,VALID,116.61,554,0,20260422T024257Z
34,ibm09,1.1463,0.078,0.675,1.461,VALID,83.31,562,0,20260422T024257Z
35,ibm01,1.0224,0.089,0.617,1.25,VALID,77.55,638,0,20260422T024257Z
35,ibm02,1.5849,0.114,0.622,2.32,VALID,95.54,514,0,20260422T024257Z
35,ibm03,1.2734,0.115,0.646,1.672,VALID,107.54,499,0,20260422T024257Z
35,ibm04,1.388,0.109,0.689,1.869,VALID,108.67,493,0,20260422T024257Z
35,ibm06,1.8571,0.114,0.66,2.826,VALID,45.62,619,0,20260422T024257Z
35,ibm07,1.3791,0.092,0.719,1.856,VALID,108.36,474,0,20260422T024257Z
35,ibm08,1.4957,0.097,0.662,2.136,VALID,115.84,503,0,20260422T024257Z
35,ibm09,1.1191,0.078,0.672,1.411,VALID,84.13,543,0,20260422T024257Z
36,ibm01,1.0294,0.091,0.622,1.255,VALID,79.09,604,0,20260422T024257Z
36,ibm02,1.591,0.115,0.627,2.324,VALID,95.9,552,0,20260422T024257Z
36,ibm03,1.2529,0.114,0.657,1.621,VALID,105.88,480,0,20260422T024257Z
36,ibm04,1.3578,0.107,0.711,1.79,VALID,110.21,482,0,20260422T024257Z
36,ibm06,1.634,0.106,0.663,2.393,VALID,62.86,488,0,20260422T024257Z
36,ibm07,1.3706,0.093,0.698,1.858,VALID,109.82,447,0,20260422T024257Z
36,ibm08,1.4889,0.096,0.681,2.104,VALID,114.18,485,0,20260422T024257Z
36,ibm09,1.0713,0.077,0.645,1.344,VALID,84.91,548,0,20260422T024257Z
1,ibm01,1.0021,0.087,0.613,1.217,VALID,81.12,655,0,20260422T145641Z
1,ibm02,1.41,0.11,0.632,1.968,VALID,92.8,520,0,20260422T145641Z
1,ibm03,1.2574,0.108,0.659,1.639,VALID,103.72,487,0,20260422T145641Z
1,ibm04,1.3632,0.102,0.691,1.831,VALID,108.91,544,0,20260422T145641Z
1,ibm06,1.6792,0.102,0.636,2.519,VALID,42.6,625,0,20260422T145641Z
1,ibm07,1.3735,0.093,0.713,1.848,VALID,103.64,534,0,20260422T145641Z
1,ibm08,1.4505,0.094,0.668,2.044,VALID,110.89,525,0,20260422T145641Z
1,ibm09,1.054,0.074,0.655,1.306,VALID,82.75,574,0,20260422T145641Z
2,ibm01,0.9779,0.083,0.61,1.179,VALID,76.09,608,0,20260422T145641Z
2,ibm02,1.4558,0.113,0.622,2.063,VALID,94.04,567,0,20260422T145641Z
2,ibm03,1.2604,0.109,0.657,1.647,VALID,105.71,501,0,20260422T145641Z
2,ibm04,1.2771,0.103,0.667,1.681,VALID,108.31,473,0,20260422T145641Z
2,ibm06,1.6558,0.101,0.653,2.458,VALID,43.8,519,0,20260422T145641Z
2,ibm07,1.3475,0.091,0.673,1.84,VALID,105.3,490,0,20260422T145641Z
2,ibm08,1.4666,0.095,0.654,2.09,VALID,113.98,510,0,20260422T145641Z
2,ibm09,1.0774,0.074,0.688,1.317,VALID,80.51,521,0,20260422T145641Z
1,ibm01,1.0049,0.089,0.635,1.197,VALID,81.47,740,0,20260422T164330Z
2,ibm01,1.0004,0.087,0.614,1.214,VALID,80.69,743,0,20260422T164330Z
3,ibm01,1.016,0.088,0.621,1.235,VALID,80.22,718,0,20260422T164330Z
4,ibm01,0.9998,0.085,0.614,1.215,VALID,82.4,725,0,20260422T164330Z
5,ibm01,0.9998,0.085,0.614,1.215,VALID,82.56,725,0,20260422T164330Z
6,ibm01,0.9998,0.085,0.614,1.215,VALID,82.55,725,0,20260422T164330Z
1,ibm01,0.9883,0.082,0.62,1.192,VALID,81.9,757,0,20260422T165325Z
2,ibm01,1.0189,0.086,0.621,1.244,VALID,72.44,739,0,20260422T165325Z
1,ibm01,0.9681,0.08,0.614,1.161,VALID,80.41,696,0,20260422T152806Z
1,ibm02,1.4697,0.111,0.655,2.062,VALID,92.61,553,0,20260422T152806Z
1,ibm03,1.2663,0.11,0.665,1.648,VALID,106.26,473,0,20260422T152806Z
1,ibm04,1.3431,0.103,0.654,1.827,VALID,108.67,562,0,20260422T152806Z
1,ibm06,1.6334,0.103,0.646,2.416,VALID,44.63,661,0,20260422T152806Z
1,ibm07,1.3595,0.093,0.671,1.861,VALID,108.35,533,0,20260422T152806Z
1,ibm08,1.4352,0.094,0.662,2.021,VALID,115.17,527,0,20260422T152806Z
1,ibm09,1.0571,0.074,0.664,1.302,VALID,81.49,582,0,20260422T152806Z
2,ibm01,1.0102,0.087,0.624,1.223,VALID,77.76,634,0,20260422T152806Z
2,ibm02,1.4563,0.113,0.633,2.054,VALID,94.47,528,0,20260422T152806Z
2,ibm03,1.2333,0.11,0.64,1.606,VALID,106.22,543,0,20260422T152806Z
2,ibm04,1.325,0.107,0.691,1.745,VALID,109.61,488,0,20260422T152806Z
2,ibm06,1.6708,0.101,0.652,2.488,VALID,46.55,567,0,20260422T152806Z
2,ibm07,1.3699,0.091,0.693,1.864,VALID,105.94,477,0,20260422T152806Z
2,ibm08,1.4135,0.095,0.645,1.992,VALID,114.3,543,0,20260422T152806Z
2,ibm09,1.0815,0.075,0.682,1.332,VALID,81.13,517,0,20260422T152806Z
3,ibm01,1.0044,0.088,0.62,1.213,VALID,77.3,632,0,20260422T152806Z
3,ibm02,1.5325,0.107,0.664,2.186,VALID,95.48,457,0,20260422T152806Z
3,ibm03,1.2352,0.109,0.661,1.591,VALID,105.08,498,0,20260422T152806Z
3,ibm04,1.3389,0.104,0.682,1.788,VALID,109.48,457,0,20260422T152806Z
3,ibm06,1.7175,0.102,0.648,2.583,VALID,44.09,489,0,20260422T152806Z
3,ibm07,1.4031,0.091,0.73,1.895,VALID,108.92,431,0,20260422T152806Z
3,ibm08,1.434,0.094,0.671,2.009,VALID,113.08,497,0,20260422T152806Z
3,ibm09,1.0731,0.075,0.669,1.327,VALID,81.27,492,0,20260422T152806Z
4,ibm01,0.9703,0.082,0.611,1.166,VALID,77.6,602,0,20260422T152806Z
4,ibm02,1.4964,0.114,0.606,2.159,VALID,97.88,539,0,20260422T152806Z
4,ibm03,1.2029,0.107,0.653,1.538,VALID,109.2,475,0,20260422T152806Z
4,ibm04,1.2779,0.104,0.678,1.67,VALID,113.4,409,0,20260422T152806Z
4,ibm06,1.6905,0.103,0.66,2.515,VALID,43.5,500,0,20260422T152806Z
4,ibm07,1.3735,0.091,0.701,1.864,VALID,104.06,419,0,20260422T152806Z
4,ibm08,1.4877,0.096,0.65,2.133,VALID,110.34,492,0,20260422T152806Z
4,ibm09,1.0747,0.075,0.662,1.337,VALID,81.68,455,0,20260422T152806Z
5,ibm01,0.9803,0.085,0.61,1.182,VALID,60.14,670,0,20260422T152806Z
5,ibm02,1.6595,0.119,0.623,2.459,VALID,93.29,537,0,20260422T152806Z
5,ibm03,1.2568,0.114,0.648,1.637,VALID,104.97,517,0,20260422T152806Z
5,ibm04,1.2427,0.105,0.684,1.592,VALID,109.92,525,0,20260422T152806Z
5,ibm06,1.8524,0.11,0.66,2.826,VALID,45.84,587,0,20260422T152806Z
5,ibm07,1.4053,0.093,0.697,1.927,VALID,108.13,517,0,20260422T152806Z
5,ibm08,1.4562,0.097,0.669,2.05,VALID,115.35,509,0,20260422T152806Z
5,ibm09,1.1089,0.077,0.662,1.401,VALID,84.22,589,0,20260422T152806Z
6,ibm01,1.0262,0.089,0.625,1.25,VALID,77.64,632,0,20260422T152806Z
6,ibm02,1.5807,0.115,0.623,2.309,VALID,94.72,546,0,20260422T152806Z
6,ibm03,1.2838,0.114,0.646,1.694,VALID,106.77,515,0,20260422T152806Z
6,ibm04,1.2892,0.108,0.674,1.688,VALID,109.07,503,0,20260422T152806Z
6,ibm06,1.7237,0.109,0.635,2.594,VALID,45.63,569,0,20260422T152806Z
6,ibm07,1.3959,0.093,0.7,1.906,VALID,107.38,466,0,20260422T152806Z
6,ibm08,1.4816,0.096,0.658,2.112,VALID,117.21,511,0,20260422T152806Z
6,ibm09,1.0942,0.078,0.661,1.372,VALID,85.19,569,0,20260422T152806Z
7,ibm01,1.0225,0.088,0.625,1.243,VALID,78.07,610,0,20260422T152806Z
7,ibm02,1.4871,0.11,0.639,2.114,VALID,94.02,479,0,20260422T152806Z
7,ibm03,1.2683,0.112,0.652,1.661,VALID,109.95,478,0,20260422T152806Z
7,ibm04,1.3391,0.108,0.66,1.803,VALID,110.19,459,0,20260422T152806Z
7,ibm06,1.655,0.105,0.652,2.447,VALID,46.3,520,0,20260422T152806Z
7,ibm07,1.3655,0.091,0.736,1.812,VALID,112.5,412,0,20260422T152806Z
7,ibm08,1.4973,0.096,0.657,2.145,VALID,126.58,475,0,20260422T152806Z
7,ibm09,1.1132,0.077,0.686,1.386,VALID,85.68,464,0,20260422T152806Z
8,ibm01,1.0389,0.089,0.633,1.266,VALID,80.57,594,0,20260422T152806Z
8,ibm02,1.55,0.113,0.657,2.218,VALID,96.7,454,0,20260422T152806Z
8,ibm03,1.2404,0.113,0.644,1.61,VALID,108.16,484,0,20260422T152806Z
8,ibm04,1.3598,0.109,0.675,1.826,VALID,111.72,417,0,20260422T152806Z
8,ibm06,1.7916,0.107,0.644,2.725,VALID,44.22,473,0,20260422T152806Z
8,ibm07,1.3606,0.093,0.672,1.865,VALID,109.29,465,0,20260422T152806Z
8,ibm08,1.4858,0.096,0.68,2.1,VALID,116.69,443,0,20260422T152806Z
8,ibm09,1.1118,0.077,0.683,1.386,VALID,81.93,513,0,20260422T152806Z
1,ibm01,0.9851,0.082,0.625,1.18,VALID,82.53,715,0,20260422T165658Z
2,ibm01,1.0014,0.086,0.619,1.212,VALID,79.54,724,0,20260422T165658Z
3,ibm01,1.0189,0.086,0.621,1.244,VALID,69.27,739,0,20260422T165658Z
4,ibm01,1.0189,0.086,0.621,1.244,VALID,69.12,739,0,20260422T165658Z
5,ibm01,0.9974,0.085,0.629,1.196,VALID,78.3,686,0,20260422T165658Z
6,ibm01,0.9931,0.087,0.614,1.199,VALID,80.03,764,0,20260422T165658Z
7,ibm01,0.9915,0.086,0.612,1.199,VALID,69.37,760,0,20260422T165658Z
8,ibm01,0.9915,0.086,0.612,1.199,VALID,68.08,760,0,20260422T165658Z
9,ibm01,1.013,0.089,0.599,1.249,VALID,82.7,749,0,20260422T165658Z
10,ibm01,0.9792,0.084,0.619,1.171,VALID,78.79,706,0,20260422T165658Z
11,ibm01,0.9998,0.085,0.614,1.215,VALID,80.7,725,0,20260422T165658Z
12,ibm01,0.9998,0.085,0.614,1.215,VALID,80.65,725,0,20260422T165658Z
1,ibm01,1.0198,0.087,0.629,1.237,VALID,87.35,569,0,20260422T200625Z
2,ibm01,1.0539,0.095,0.614,1.304,VALID,87.04,582,0,20260422T200625Z
3,ibm01,0.9778,0.085,0.624,1.162,VALID,85.88,596,0,20260422T200625Z
4,ibm01,0.9862,0.087,0.614,1.183,VALID,87.63,668,0,20260422T200625Z
5,ibm01,1.015,0.089,0.616,1.236,VALID,89.21,682,0,20260422T200625Z
1,ibm01,1.0198,0.087,0.629,1.237,VALID,89.01,569,0,20260422T201423Z
2,ibm01,1.0539,0.095,0.614,1.304,VALID,86.51,582,0,20260422T201423Z
3,ibm01,0.9778,0.085,0.624,1.162,VALID,85.9,596,0,20260422T201423Z
4,ibm01,0.9862,0.087,0.614,1.183,VALID,91.58,668,0,20260422T201423Z
5,ibm01,1.007,0.09,0.619,1.216,VALID,91.55,679,0,20260422T201423Z
1,ibm01,0.9932,0.087,0.621,1.192,INVALID,83.15,655,54,20260422T203532Z
1,ibm01,0.9794,0.087,0.614,1.17,VALID,83.33,669,0,20260422T203838Z
2,ibm01,0.9908,0.086,0.625,1.185,VALID,81.57,680,0,20260422T203838Z
